Item, amount, cost (ea.), Link
XIAO ESP32 C3, 1, 6.53 , https://www.aliexpress.com/p/shoppingcart/index.html?spm=a2g0o.detail.0.0.4878c8fcqW3iFW
0.96 OLED, 1, 1.19, https://www.aliexpress.com/p/shoppingcart/index.html?spm=a2g0o.detail.0.0.4878c8fcqW3iFW
MPU6050, 1, 3.54, https://www.aliexpress.com/p/shoppingcart/index.html?spm=a2g0o.detail.0.0.4878c8fcqW3iFW
DHT11, 1, 0.77, https://www.aliexpress.com/p/shoppingcart/index.html?spm=a2g0o.detail.0.0.4878c8fcqW3iFW
MX Switches, 1, 4.53, https://www.aliexpress.com/p/shoppingcart/index.html?spm=a2g0o.detail.0.0.4878c8fcqW3iFW
Keycaps, 1, 5.26,https://www.aliexpress.com/p/shoppingcart/index.html?spm=a2g0o.detail.0.0.4878c8fcqW3iFW
10k Resistor, 1, pre owned
PCB,1,6.06, https://www.nextpcb.com/order/waitPayment?order_id=370485
,,,
Total (each kit), 1, 27.88,
